﻿code,number,obtainedas,pot1_code,pot2_code,genus,species,subspecies,variety,county,state,country,supplyer,old_code,year,cost,location,county_inferred,comment
SARALA-001P,001,P,,,Sarracenia,alata,,,,,United States,sarracenia.cz,,2014,,,,
SARALA-002P,002,P,,,Sarracenia,alata,,,,,United States,GFP - Simon Ehrenmann,,2020,,,,
SARALA-003P,003,P,,,Sarracenia,alata,,,,,United States,Matthias,,2020,,,,
SARALA-004S,004,S,,,Sarracenia,alata,,cuprea,Hardin,Texas,United States,Stefano Tognon - ice00,X121-19,2020,0.7,Texas,yes,"alata var cuprea Texas , tall, Copper Lid and upper tube x self"
SARALA-005S,005,S,,,Sarracenia,alata,,nigropurpurea,,,United States,Angelo Ossino - carnivorandia,556,2022,,,,A60MK x A28MK
SARALA-006S,006,S,,,Sarracenia,alata,,rubrioperculata,Stone,Mississippi,United States,Christian Klein,,2022,2.6,,yes,"S. alata, deep maroon throat, Welham --> A02 -- Sarracenia alata rubrioperculata -- MS; Stone Co -- Red lid, maroon tinged bulbous upper pitchers;huge stocky pitchers in autumn -- MK: A20, ST: A11, AS: SA25, RvL: AL19, Welham"
SARALA-007S,007,S,,,Sarracenia,alata,,nigropurpurea,,,United States,Christian Klein,,2022,2.6,,,"S. alata, Black Tube, Pubescent Black"
SARALA-008S,008,S,,,Sarracenia,alata,,nigropurpurea,Forrest,Mississippi,United States,sarracenia.fr,SAL-004 B ,2022,2.9,"Desoto, Mississipi",,Beautiful large dark brown form of alata with curved lid. (MK A27)
SARALA-009S,009,S,,,Sarracenia,alata,,atrorubra,,,United States,sarracenia.fr,SAL-009 A ,2022,2.9,,,Red tube. Dark red form S.alata to curved hood.
SARALA-010S,010,S,,,Sarracenia,alata,,atrorubra,Washington,Alabama,United States,sarracenia.fr,SAL-009 B,2022,2.9,,,"SAL-009 B 2,90 € Sarracenia alata var.atrorubra (red tube)-Deer park-Al "
SARALA-011S,011,S,,,Sarracenia,alata,,atrorubra,,,United States,sarracenia.fr,SAL-009 C ,2022,2.9,,,"Red Skin. Completely red, inside and outside. Slightly pubescent."
SARALA-012S,012,S,,,Sarracenia,alata,,rubrioperculata,,,United States,sarracenia.fr,SAL-010   ,2022,2.9,,,"Purple throat Giant. Similar, in larger, to alata red throat. Gets huge."
SARALA-013S,013,S,,,Sarracenia,alata,,alata,Jackson,Mississippi,United States,sarracenia.fr,SAL-015,2022,2.9,,,"SAL-015 2,90 € Sarracenia alata var.alata- red/heavy vein-Jackson Co-Mississippi "
SARFLA-001P,001,P,,,Sarracenia,flava,,rugelii,,,United States,sarracenia.cz,,2014,,,,
SARFLA-002P,002,P,,,Sarracenia,flava,,,Brunswick,North Carolina,United States,GFP - Simon Ehrenmann,,2020,,Shallotte,,
SARFLA-003P,003,P,,,Sarracenia,flava,,,Sussex,North Carolina,United States,GFP - Simon Ehrenmann,,2020,,,,
SARFLA-004P,004,P,,,Sarracenia,flava,,atropurpurea,Santa Rosa,Florida,United States,Matthias,MKF27C,2020,,,,
SARFLA-005P,005,P,,,Sarracenia,flava,,,,,United States,Matthias,,2020,,,,
SARFLA-006P,006,P,,,Sarracenia,flava,,rubricorpora,,,United States,Matthias,,2020,,,,red tube
SARFLA-007S,007,S,,,Sarracenia,flava,,,,,United States,Michiels Ewoud,,2020,1.6,,,"flava ""Goldie"" x S. flava var. cuprea (MK F90)"
SARFLA-008S,008,S,,,Sarracenia,flava,,rubicorpora,Liberty,Florida,United States,Stefano Tognon - ice00,X19-20,2020,2,Apalachicola National Forest,,(F111 MK) x self
SARFLA-009S,009,S,,,Sarracenia,flava,,rubicorpora x ornata,,,United States,Stefano Tognon - ice00,X22-20,2020,2,,,var. rubicorpora (F111 MK) x flava var ornata F72PW 
SARFLA-010S,010,S,,,Sarracenia,flava,,maxima,Sussex,Virginia,United States,Stefano Tognon - ice00,X38-19,2020,1,"Sussex Co., Virginia",,"flava var. maxima, Beautiful yellow pitchers, Sussex Co., Virginia, F64 Phil Wilson x self"
SARFLA-011S,011,S,,,Sarracenia,flava,,cuprea,,,United States,Stefano Tognon - ice00,X7-19,2020,1,,,(flava var cuprea Dennis Balsdon x self) x flava var cuprea Dennis Balsdon
SARFLA-012S,012,S,,,Sarracenia,flava,,flava,Bay,Florida,United States,Christian Klein,,2022,2.6,,,"S. flava var. flava, Orange Tube, IP F39a, Sandy Creek"
SARFLA-013S,013,S,,,Sarracenia,flava,,ornata,Gulf,Florida,United States,Christian Klein,,2022,2.6,,,"S. flava var. ornata, F36 Phil Wilson, red throat, Apalachicola National Forest, Wewahitchka, Florida"
SARFLA-014S,014,S,,,Sarracenia,flava,,ornata,Walton,Florida,United States,Christian Klein,,2022,2.6,,,"S. flava var. ornata, Miramar, Florida"
SARFLA-015S,015,S,,,Sarracenia,flava,,cuprea,Brunswick,South Carolina,United States,Christian Klein,,2022,2.6,,,"S. flava var. cuprea, F 216, Green Swamp [Brunswick or Columbus Co.]"
SARFLA-016S,016,S,,,Sarracenia,flava,,rubricorpora,Liberty,Florida,United States,Christian Klein,,2022,2.6,,yes,"S. flava var. rubricorpora, RCP1"
SARFLA-017S,017,S,,,Sarracenia,flava,,ornata,,,United States,dc.carnivores/aldebardan - Danilo Cazzaniga,3,2022,6,,,"FLAVA black veins #3 x flava ornata ""improved black veins"""
SARFLA-018S,018,S,,,Sarracenia,flava,,ornata,,,United States,dc.carnivores/aldebardan - Danilo Cazzaniga,4,2022,6,,,FLAVA ornata black veins x flava ornata “improved Black veins” 
SARFLA-019S,019,S,,,Sarracenia,flava,,,,,United States,dc.carnivores/aldebardan - Danilo Cazzaniga,11,2022,6,,,FLAVA rugelii F18MK x flava atro. ‘Waccamaw'
SARFLA-020S,020,S,,,Sarracenia,flava,,cuprea,,,United States,dc.carnivores/aldebardan - Danilo Cazzaniga,19,2022,5,,,"FLAVA cuprea ""CK2"" x flava cuprea ""Chocolate Top"""
SARFLA-021S,021,S,,,Sarracenia,flava,,rubricorpora,,,United States,dc.carnivores/aldebardan - Danilo Cazzaniga,29,2022,3,,,FLAVA rubri giant F42  x self
SARFLA-022S,022,S,,,Sarracenia,flava,,ornata,,,United States,GfP - Matthias Pfeiffer,,2022,2,,,red pubescent x self
SARFLA-023S,023,S,,,Sarracenia,flava,,rubricorpora,,,United States,GfP - Matthias Pfeiffer,,2022,2,,,var. ornata MS 77/1 x flava var. ornata F31
SARFLA-024S,024,S,,,Sarracenia,flava,,,,,United States,GfP - Matthias Pfeiffer,,2022,2,,,var ornata MS 77/1 x rubricorpora red pubesent
SARFLA-025S,025,S,,,Sarracenia,flava,,ornata,,,United States,GfP - Matthias Pfeiffer,,2022,2,,,var. ornata F31 x flava var. ornata MS 77/1
SARFLA-026S,026,S,,,Sarracenia,flava,,,,,United States,GfP - Matthias Pfeiffer,,2022,2,,,var. cuprea F218 x flava var. ornata MS 77/1
SARFLA-027P,027,P,,,Sarracenia,flava,,cuprea,,,United States,Ruedi Fürst,,2022,,,,
SARFLA-028P,028,P,,,Sarracenia,flava,,maxima,,,United States,Ruedi Fürst,,2022,,,,
SARFLA-029S,029,S,,,Sarracenia,flava,,flava,Brunswick,North Carolina,United States,sarracenia.fr,SFA-001 C ,2022,2.9,"Green Swamp, NC, prob. Brunswick",yes,
SARFLA-030S,030,S,,,Sarracenia,flava,,flava,Dinwiddie,Virginia,United States,sarracenia.fr,SFA-001 L,2022,2.9,,,"SFA-001 L 2,90 € Sarracenia flava var.flava - Shand's Bog"
SARFLA-031S,031,S,,,Sarracenia,flava,,atropurpurea,,,United States,sarracenia.fr,SFA-002   ,2022,2.9,,,All red. Flava entirely red with large and very high urns. Very large rounded lid.
SARFLA-032S,032,S,,,Sarracenia,flava,,rugelii,,,United States,sarracenia.fr,SFA-003 Q ,2022,2.9,,,"Giant robust clone. Rugelii very large, chunky and robust.Large opening.(F18 MK)"
SARFLA-033S,033,S,,,Sarracenia,flava,,maxima,Brunswick,North Carolina,United States,sarracenia.fr,SFA-004 D ,2022,2.9,"Green Swamp, NC",,Real flava var.maxima. Green entirely. Very big plant.
SARFLA-034S,034,S,,,Sarracenia,flava,,cuprea,,,United States,sarracenia.fr,SFA-011 M ,2022,2.9,,,"Very large form - Ph.Sheridan. One of the largest clone cuprea, more than 90 cm.MK F153"
SARFLA-035S,035,S,,,Sarracenia,flava,,ornata,Prince George,Virginia,United States,sarracenia.fr,SFA-013 P ,2022,2.9,Prince George Co. VA,,Gorgeous vertical veins. (MK F156)
SARFLA-036S,036,S,,,Sarracenia,flava,,ornata,,,United States,sarracenia.fr,SFA-013 T ,2022,2.9,,,"flava ornata largest, most vigourous, Walton Co. X flava ornata 'Red Lip' Mike Wang"
SARLEU-001S,001,S,,,Sarracenia,leucophylla,,,,,United States,Christian List,,2020,4,,,L104F x SL97 
SARLEU-002S,002,S,,,Sarracenia,leucophylla,,,,,United States,Christian List,,2020,4,,,Mont Blanc' x SL25 
SARLEU-003P,003,P,,,Sarracenia,leucophylla,,,Washington,Alabama,United States,GFP - Simon Ehrenmann,,2020,,,,"near Citronelle, Washington Co. AL"
SARLEU-004S,004,S,,,Sarracenia,leucophylla,,,,,United States,Michiels Ewoud,,2020,1.6,,,"leucophylla ""Bonbon"" x selfed"
SARLEU-005S,005,S,,,Sarracenia,leucophylla,,,,,United States,Michiels Ewoud,,2020,1.6,,,"leucophylla ""Helmut's Delight"" x selfed"
SARLEU-006S,006,S,,,Sarracenia,leucophylla,,,,,United States,Michiels Ewoud,,2020,1.6,,,"leucophylla, red stripe in throat (SL61 C. Azais) x selfed"
SARLEU-007S,007,S,,,Sarracenia,leucophylla,,,,,United States,Michiels Ewoud,,2020,1.6,,,"leucophylla ""Bonbon"" x S. leucophylla (MK L13)"
SARLEU-008S,008,S,,,Sarracenia,leucophylla,,,,,United States,Michiels Ewoud,,2020,1.6,,,leucophylla (ISL x SCH13) x selfed
SARLEU-009S,009,S,,,Sarracenia,leucophylla,,,Baldwin,Alabama,United States,Michiels Ewoud,,2020,1.6,,,"leucophylla ""HCW"", seedling S. Lenssen x selfed"
SARLEU-010S,010,S,,,Sarracenia,leucophylla,,,,,United States,Michiels Ewoud,,2020,1.6,,,"leucophylla, red tube, pink lid (MK L37) x selfed"
SARLEU-011S,011,S,,,Sarracenia,leucophylla,,,,,United States,Stefano Tognon - ice00,X229-20,2020,1.3,,,"leucophylla “Labbra Bianche”, Adrian Slack clone  x leucophylla L2 MK - Green and White, Citronelle, AL"
SARLEU-012S,012,S,,,Sarracenia,leucophylla,,,,,United States,Angelo Ossino - carnivorandia,336,2022,3.5,,,"S. leucophylla ""Mary Celeste"" x L40AO"
SARLEU-013S,013,S,,,Sarracenia,leucophylla,,,Okaloosa,Florida,United States,Christian Klein,,2022,2.6,,,"S. leucophylla, Eglin Reserve, Alabama, Clone A"
SARLEU-014S,014,S,,,Sarracenia,leucophylla,,,Calhoun,Florida,United States,Christian Klein,,2022,2.6,,,"S. leucophylla, L19 MK, purple & white giant form, Route 71, near Altha, Florida"
SARLEU-015S,015,S,,,Sarracenia,leucophylla,,,Santa Rosa,Florida,United States,Christian Klein,,2022,2.6,,,"S. leucophylla, Bearlake, Blackwater"
SARLEU-016S,016,S,,,Sarracenia,leucophylla,,,,,United States,Christian Klein,,2022,2.6,,,"S. leucophylla, covered with white hairs"
SARLEU-017S,017,S,,,Sarracenia,leucophylla,,,Baldwin,Alabama,United States,GfP - Matthias Pfeiffer,,2022,2,"Ben's Bog, Baldwin Co., AL",,L90 x self
SARLEU-018S,018,S,,,Sarracenia,leucophylla,,,Washington,Alabama,United States,GfP - Matthias Pfeiffer,,2022,2,,,pubescent MK L40 x self
SARLEU-019P,019,P,,,Sarracenia,leucophylla,,,Santa Rosa,Florida,United States,Ruedi Fürst (ex. Urs Zimmermann),,2022,,,,"Yellow River Marsch Reserve, FL"
SARLEU-020S,020,S,,,Sarracenia,leucophylla,,leucophylla,Baldwin,Alabama,United States,sarracenia.fr,SLE-001 R1,2022,2.9," Gas Station Site, Perdido, AL ",,Elegant leucophylla. Site now been drained for bulding!
SARLEU-021S,021,S,,,Sarracenia,leucophylla,,,,,United States,sarracenia.fr,SLE-001 R2,2022,2.9,,,Green & White form
SARLEU-022S,022,S,,,Sarracenia,leucophylla,,,Baldwin,Alabama,United States,sarracenia.fr,SLE-001 U2,2022,2.9,"Gas Station Site, Pedido, AL",,Red & White
SARLEU-023S,023,S,,,Sarracenia,leucophylla,,leucophylla,Baldwin,Alabama,United States,sarracenia.fr,SLE-001 X ,2022,2.9,"Ctenium Fields, Perdido, AL ",,Superb leucophylla very bright.
SARLEU-024S,024,S,,,Sarracenia,leucophylla,,alba,Baldwin,Alabama,United States,sarracenia.fr,SLE-003 G ,2022,5,Hurricane Creek,,Hurricane Creek White
SARLEU-025S,025,S,,,Sarracenia,leucophylla,,leucophylla,Washington,Alabama,United States,sarracenia.fr,SLE-016 B ,2022,2.9,Deer Park,,"Large form, red / white pitchers. Very large leucophylla, well colorful."
SARLEU-026S,026,S,,,Sarracenia,leucophylla,,leucophylla,Mobile,Alabama,United States,sarracenia.fr,SLE-033   ,2022,2.9,"Mobile Co., AL",,var. leucophylla (Tall Pitchers)
SARLEU-027S,027,S,,,Sarracenia,leucophylla,,leucophylla,Washington,Alabama,United States,sarracenia.fr,SLE-040   ,2022,2.9,Washington Co.,,var. leucophylla. Large very bright leucophylla.
SARLEU-028S,028,S,,,Sarracenia,leucophylla,,,Mobile,Alabama,United States,sarracenia.fr,SLE-042   ,2022,2.9,Citronelle AL,,"Pouty Lip. Sarracenia with ""pouting"" red lips. MK L82"
SARLEU-029S,029,S,,,Sarracenia,leucophylla,,leucophylla,Walton,Florida,United States,sarracenia.fr,SLE-043,2022,2.9,,,"SLE-043 5,00 € Sarracenia leucophylla var.leucophylla Wilkerson Bog.FL "
SARLEU-030S,030,S,,,Sarracenia,leucophylla,,leucophylla,Baldwin,Alabama,United States,sarracenia.fr,SLE-049   ,2022,2.9,"Splinter Hills Bog, Perdido, AL",,"var. leucophylla. Very colorful plant, white and red."
SARMIN-001P,001,P,,,Sarracenia,minor,,okefenokeensis,,,United States,sarracenia.cz,,2014,,,,
SARMIN-002P,002,P,,,Sarracenia,minor,,minor,,,United States,GFP - Simon Ehrenmann,,2020,,,,
SARMIN-003S,003,S,,,Sarracenia,minor,,okefenokeensis,,,United States,Pascal Klums,MKM09,2021,8,,,Sarracenia minor okefenokee copper lids MKM9
SARMIN-004S,004,S,,,Sarracenia,minor,,okefenokeensis,,,United States,Pascal Klums,,2021,6,,,Sarracenia minor okefenokee ICPS seeds 1980s
SARMIN-005S,005,S,,,Sarracenia,minor,,okefenokeensis,Clinch,Georgia,United States,Christian Klein,MKM16,2022,2.6,,,"S. minor var. okefenokeensis, MK M16, Giant, North East"
SARMIN-006S,006,S,,,Sarracenia,minor,,okefenokeensis,,,United States,Christian Klein,,2022,2.6,,,"S. minor var. okefenokeensis, Flamingo"
SARMIN-007S,007,S,,,Sarracenia,minor,,okefenokeensis,,,United States,Christian Klein,,2022,2.6,,,"S. minor var. okefenokeensis, Red Eyes"
SARMIN-008S,008,S,,,Sarracenia,minor,,minor,Dorchester,South Carolina,United States,Pascal Klums,,2022,5,,,Sarracenia minor Dorchester
SARORE-001P,001,P,,,Sarracenia,oreophila,,,,,United States,sarracenia.cz,,2014,,,,
SARORE-002P,002,P,,,Sarracenia,oreophila,,,,,United States,GFP - Simon Ehrenmann,,2020,,,,
SARORE-003P,003,P,,,Sarracenia,oreophila,,,,,United States,Matthias,,2020,,,,
SARORE-004P,004,P,,,Sarracenia,oreophila,,oreophila,Towns,Georgia,United States,Meeting boga ZH - Wallis,,2021,5,,,
SARORE-005S,005,S,,,Sarracenia,oreophila,,oreophila,Cherokee,Alabama,United States,sarracenia.fr,SOR-001 G,2022,2.9,,,"SOR-001 G Sarracenia oreophila var.oreophila- Centre Al. 1 2,90 € 2,90 € --> guess MKO08"
SARORE-006S,006,S,,,Sarracenia,oreophila,,oreophila,Cherokee,Alabama,United States,sarracenia.fr,SOR-001 H,2022,2.9,,,"SOR-001 H Sarracenia oreophila var.oreophila- Cherokee Co. AL 1 2,90 € 2,90 €"
SARORE-007S,007,S,,,Sarracenia,oreophila,,ornata,DeKalb,Alabama,United States,sarracenia.fr,SOR-006 B,2022,2.9,,yes,"SOR-006 B Sarracenia oreophila var.oreophila - Sand Mountain -Al 1 2,90 € 2,90 €. --> guess: MKO07 --> MW gueess DeKalb"
SARPSI-001P,001,P,,,Sarracenia,psittacina,,psittacina,,,United States,Ruedi Fürst,,2020,,,,antocyanin free
SARPSI-002P,002,P,,,Sarracenia,psittacina,,psittacina,Santa Rosa,Florida,United States,Ruedi Fürst,,2020,Yellow River,,yes,red
SARPSI-003P,003,P,,,Sarracenia,psittacina,,psittacina,,Mississippi,United States,Oki,,2021,,,,wild form
SARPSI-004S,004,S,,,Sarracenia,psittacina,,okefenokeensis,Liberty,Florida,United States,Christian Klein,,2022,2.6,,,"S. psittacina var. okefenokeensis, SL 13/1 WS Giant, dark red plant, Liberty Co. Florida"
SARPSI-005S,005,S,,,Sarracenia,psittacina,,okefenokeensis,Bay,Florida,United States,Christian Klein,,2022,2.6,,yes,"S. psittacina var. okefenokeensis, giant CK4, Yellow Flower, CK"
SARPUR-001P,001,P,,,Sarracenia,purpurea,venosa,,,,United States,sarracenia.cz,,2014,,,,
SARPUR-002S,002,S,,,Sarracenia,purpurea,venosa,,,,United States,Bot. Garten Basel,,2020,0,,,
SARPUR-003S,003,S,,,Sarracenia,purpurea,venosa,,,,United States,Bot. Garten Basel,,2020,0,,,
SARPUR-004S,004,S,,,Sarracenia,purpurea,venosa,,,,United States,Bot. Garten Basel,,2020,0,,,
SARPUR-005P,005,P,,,Sarracenia,purpurea,purpurea,,,,,GFP - Simon Ehrenmann,,2020,,,,
SARPUR-006S,006,S,,,Sarracenia,purpurea,purpurea,,Grey,Ontario,Canada,Christian Klein,,2022,2.6,,,"S. purpurea ssp. purpurea, Moss Lake "
SARPUR-007S,007,S,,,Sarracenia,purpurea,purpurea,,Grey,Ontario,Canada,Christian Klein,,2022,2.6,,,"S. purpurea ssp. purpurea, veinless form, Moss Lake, Grey Co., ON Co."
SARPUR-008S,008,S,,,Sarracenia,purpurea,venosa,,Tattnall,Georgia,United States,Christian Klein,,2022,2.6,,,"S. purpurea ssp. venosa, Clone A x B cross pollinated, Tatnall, Georgia Co"
SARPUR-009S,009,S,,,Sarracenia,purpurea,venosa,,New Hanover,North Carolina,United States,Christian Klein,,2022,2.6,,,"S. purpurea ssp. venosa, New Hannover"
SARPUR-010S,010,S,,,Sarracenia,purpurea,venosa,,Brunswick,North Carolina,United States,Christian Klein,,2022,2.6,,,"S. purpurea ssp. venosa, „All Red"" North of Supply (Green Swamp), North of Supply N.C.  --> Brunswick"
SARPUR-011S,011,S,,,Sarracenia,purpurea,venosa,,Columbus,North Carolina,United States,Christian Klein,,2022,2.6,,,"S. purpurea ssp. venosa, Near Old Dock, Columbus Co"
SARPUR-012S,012,S,,,Sarracenia,purpurea,venosa,,Caroline,Virginia,United States,Christian Klein,,2022,2.6,,,"S. purpurea ssp. venosa, Reedy Creek, Caroline Co., Virg."
SARPUR-013S,013,S,,,Sarracenia,purpurea,purpurea,,Bruce,Ontario,Canada,dc.carnivores/aldebardan - Danilo Cazzaniga,140,2022,3,,,PURPS S. purp. “Bruce Co” x Self
SARPUR-014P,014,P,,,Sarracenia,purpurea,purpurea,,Meilen,Zürich,Switzerland,Matthias,,2022,,,,"Rüti, Giant"
SARPUR-015P,015,P,,,Sarracenia,purpurea,,,Riviera_Pays-d'Enhaut,Vaud,Switzerland,NA,,2022,,,,Les Tenasses
SARROS-001P,001,P,,,Sarracenia,rosea,,,,,United States,Oki,,2021,,,,
SARROS-002S,002,S,,,Sarracenia,rosea,,,Calhoun,Florida,United States,Christian Klein,,2022,2.6,,,"S. purpurea ssp. venosa var. burkei, Chipola Giant "
SARROS-003S,003,S,,,Sarracenia,rosea,,,Liberty,Florida,United States,Christian Klein,,2022,2.6,,,"S. purpurea ssp. venosa var. burkei f. luteola, Liberty Co., Florida"
SARRUB-001P,001,P,,,Sarracenia,rubra,,,,,United States,sarracenia.cz,,2014,,,,
SARRUB-002P,002,P,,,Sarracenia,rubra,gulfensis,,,,United States,GFP - Simon Ehrenmann,,2020,,,,
SARRUB-003P,003,P,,,Sarracenia,rubra,wherryi,,Washington,Alabama,United States,Matthias,MKRW6,2020,,,yes,"giant chatom, AL "
SARRUB-004P,004,P,,,Sarracenia,rubra,alabamensis,,Autauga,Alabama,United States,Matthias,,2022,,,yes,"red form, county guessed"
SARRUB-005P,005,P,,,Sarracenia,rubra,jonesii,,Greenville,South Carolina,United States,Matthias,,2022,,,yes,dark red rofm cersars head
SARXHY-001P,001,P,,,Sarracenia,xhybrid,,,,,,sarracenia.cz,,2014,,,,x flava x (flava x oreophila) or only flava?
SARXHY-002P,002,P,,,Sarracenia,xhybrid,,,,,,sarracenia.cz,,2014,,,,x leucophylla x (leucophylla x oreophila) 
SARXHY-003P,003,P,,,Sarracenia,xhybrid,,,,,,sarracenia.cz,,2014,,,,x purpurea (purpurea x leucophylla)?
SARXHY-004S,004,S,,,Sarracenia,xhybrid,,,,,,eBay - westcornwallcarnivores,,2020,3.5,,,flava Wakulla Red Lip F190 J Janssen x (Wilkerson Bus x WWK)
SARXHY-005S,005,S,,,Sarracenia,xhybrid,,,,,,eBay - westcornwallcarnivores,,2020,3.5,,,leucophylla L39a Mobile Co. 100cm pitchers J Janssen x Troll
SARXHY-006S,006,S,,,Sarracenia,xhybrid,,,,,,eBay - westcornwallcarnivores,,2020,3.5,,,leucophylla L48BMK x Troll
SARXHY-007S,007,S,,,Sarracenia,xhybrid,,,,,,eBay - westcornwallcarnivores,,2020,3.5,,,oreophila Heavy Vein x SX65a
SARXHY-008S,008,S,,,Sarracenia,xhybrid,,,,,,Isole di Brissago,,2020,0,,,
SARXHY-009P,009,P,,,Sarracenia,xhybrid,,,,,,Matthias,,2020,,,,x farnhamii (= rubra x leucophylla)
SARXHY-010P,010,P,,,Sarracenia,xhybrid,,,,,,Matthias,,2020,,,,x morrei (= flava x leucophylla)
SARXHY-011P,011,P,,,Sarracenia,xhybrid,,,,,,Matthias,,2020,,,,x swaniana (= minor x purpurea)
SARXHY-012P,012,P,,,Sarracenia,xhybrid,,,,,,Matthias,,2020,,,,x wrigleyana (= psittacina x leucophylla)
SARXHY-013S,013,S,,,Sarracenia,xhybrid,,,,,,Michiels Ewoud,,2020,1.6,,,"flava var. rubricorpora x (alata red x rubricorpora), very intense red tubes, yellow lid x selfed"
SARXHY-014S,014,S,,,Sarracenia,xhybrid,,,,,,Michiels Ewoud,,2020,1.6,,,flava var. atropurpurea x open
SARXHY-015S,015,S,,,Sarracenia,xhybrid,,,,,,Michiels Ewoud,,2020,1.6,,,flava var. flava x open
SARXHY-016S,016,S,,,Sarracenia,xhybrid,,,,,,Michiels Ewoud,,2020,1.6,,,leucophylla (MK L13) x open
SARXHY-017S,017,S,,,Sarracenia,xhybrid,,,,,,Michiels Ewoud,,2020,1.6,,,leucophylla x open
SARXHY-018S,018,S,,,Sarracenia,xhybrid,,,,,,Michiels Ewoud,,2020,1.6,,,leucophylla (SL61 C. Azais)(MK L111) x open (?)
SARXHY-019S,019,S,,,Sarracenia,xhybrid,,,,,,Michiels Ewoud,,2020,1.6,,,oreophila x S. leucophylla (MK L37)
SARXHY-020S,020,S,,,Sarracenia,xhybrid,,,,,,Michiels Ewoud,,2020,1.6,,,(leucophylla x oreophila) x open
SARXHY-021S,021,S,,,Sarracenia,xhybrid,,,,,,Michiels Ewoud,,2020,1.6,,,"'Leah Wilkerson' x S. x moorei ""Elizabeth"""
SARXHY-022S,022,S,,,Sarracenia,xhybrid,,,,,,Michiels Ewoud,,2020,1.6,,,x moorei (MK H42) x open
SARXHY-023S,023,S,,,Sarracenia,xhybrid,,,,,,Michiels Ewoud,,2020,1.6,,,"x moorei ""Elizabeth"" x S. 'Lynda Butt'"
SARXHY-024S,024,S,,,Sarracenia,xhybrid,,,,,,Michiels Ewoud,,2020,1.6,,,x moorei “Black & White” x selfed
SARXHY-025S,025,S,,,Sarracenia,xhybrid,,,,,,Michiels Ewoud,,2020,1.6,,,'Leah Wilkerson' x selfed
SARXHY-026S,026,S,,,Sarracenia,xhybrid,,,,,,Michiels Ewoud,,2020,1.6,,,"flava var. ornata x S. x moorei ""Black & White"""
SARXHY-027S,027,S,,,Sarracenia,xhybrid,,,,,,Michiels Ewoud,,2020,1.6,,,'Lynda Butt' x selfed
SARXHY-028S,028,S,,,Sarracenia,xhybrid,,,,,,Michiels Ewoud,,2020,1.6,,,"'Leah Wilkerson' x S. flava ""Goldie"""
SARXHY-029S,029,S,,,Sarracenia,xhybrid,,,,,,Michiels Ewoud,,2020,1.6,,,'Leah Wilkerson' x S. leucophylla var. alba
SARXHY-030S,030,S,,,Sarracenia,xhybrid,,,,,,Michiels Ewoud,,2020,1.6,,,"flava ""Goldie"" x S. 'Leah Wilkerson'"
SARXHY-031S,031,S,,,Sarracenia,xhybrid,,,,,,Michiels Ewoud,,2020,1.6,,,"x moorei ""WWK"" x S. leucophylla ""Bonbon"""
SARXHY-032S,032,S,,,Sarracenia,xhybrid,,,,,,Michiels Ewoud,,2020,1.6,,,"“Helmut’s delight” x S. ('Leah Wilkerson' x ""Helmut's Delight"")"
SARXHY-033S,033,S,,,Sarracenia,xhybrid,,,,,,Michiels Ewoud,,2020,1.6,,,"x moorei ""Helen Mary"" x selfed"
SARXHY-034S,034,S,,,Sarracenia,xhybrid,,,,,,Michiels Ewoud,,2020,1.6,,,"x moorei ""Elizabeth"" x selfed"
SARXHY-035S,035,S,,,Sarracenia,xhybrid,,,,,,Michiels Ewoud,,2020,1.6,,,"x moorei ""WWK"" x S. ‘Lynda Butt’"
SARXHY-036S,036,S,,,Sarracenia,xhybrid,,,,,,Michiels Ewoud,,2020,1.6,,,"x moorei ""WWK"" x selfed"
SARXHY-037S,037,S,,,Sarracenia,xhybrid,,,,,,Michiels Ewoud,,2020,1.6,,,‘Silvia Luise’ x S. 'Leah Wilkerson'
SARXHY-038S,038,S,,,Sarracenia,xhybrid,,,,,,Michiels Ewoud,,2020,1.6,,,‘Silvia Luise’ x selfed
SARXHY-039S,039,S,,,Sarracenia,xhybrid,,,,,,Stefano Tognon - ice00,X10-20,2020,2,,,"Very large, Norman Parker MK H92 x self"
SARXHY-040S,040,S,,,Sarracenia,xhybrid,,,,,,Stefano Tognon - ice00,X136-19,2020,0.7,,,"leucophylla viridescens x (leuco X rubra gulf. luteoviridis), (L46 X H9, high chance of antho-free plantlets) [H32/2012 AltairW] x self"
SARXHY-041S,041,S,,,Sarracenia,xhybrid,,,,,,Stefano Tognon - ice00,X145-19,2020,0.7,,,"x moorei ‘Marston Clone’ x melanorhoda – 2006 seed -[H11]  x   leucophylla ""giant"""
SARXHY-042S,042,S,,,Sarracenia,xhybrid,,,,,,Stefano Tognon - ice00,X170-20,2020,2,,,x excellens x leucophylla MK H36 [H64] x self
SARXHY-043S,043,S,,,Sarracenia,xhybrid,,,,,,Stefano Tognon - ice00,X2-20,2020,1.8,,,"alata – Red throat – Perry Country, Alabama x flava var. ruggelli – Clone 7,large flat lid – Milton, Florida – A9 x F56 [SH451-Tricky Utrici] x cuprea x alata Black Tube HF03 AltairW"
SARXHY-044S,044,S,,,Sarracenia,xhybrid,,,,,,Stefano Tognon - ice00,X3-18,2020,0.7,,,
SARXHY-045S,045,S,,,Sarracenia,xhybrid,,,,,,Stefano Tognon - ice00,X3-20,2020,1.5,,,cuprea x alata Black Tube HF03 AltairW x self
SARXHY-046S,046,S,,,Sarracenia,xhybrid,,,,,,Stefano Tognon - ice00,X57-19,2020,0.7,,,"alata var cuprea Texas , tall, Copper Lid and upper tube x  flava var.  rugelii F52 MK, Milton,FL Clone 5, (W) (by Er Biconzo) "
SARXHY-047P,047,P,,,Sarracenia,xhybrid,,,,,,Meeting boga ZH - Wallis,,2021,5,,,"minor var. okefenokeensis, Okefenokee Giant x flava var. rugelii - Giant robust clone MKF18"
SARXHY-048P,048,P,,,Sarracenia,xhybrid,,,,,,Meeting boga ZH - Wallis,,2021,5,,,MKA46 x MKF32
SARXHY-049P,049,P,,,Sarracenia,xhybrid,,,,,,Meeting boga ZH - Wallis,,2021,5,,,flava var. atropurpurea Black Water x flava all red SH134
SARXHY-050S,050,S,,,Sarracenia,xhybrid,,,,,,Angelo Ossino - carnivorandia,301,2022,3.5,,,"H001AO x L48Ao - x S. leucophylla ""Ghost in the Shell"""
SARXHY-051S,051,S,,,Sarracenia,xhybrid,,,,,,Angelo Ossino - carnivorandia,304,2022,3.5,,,H96MK x L15AO
SARXHY-052S,052,S,,,Sarracenia,xhybrid,,,,,,Angelo Ossino - carnivorandia,305,2022,3.5,,,"A16MK - x L021AO - x S. ""Antivenom"""
SARXHY-053S,053,S,,,Sarracenia,xhybrid,,,,,,Angelo Ossino - carnivorandia,314,2022,3.5,,,A59MK x L09AO
SARXHY-054S,054,S,,,Sarracenia,xhybrid,,,,,,Angelo Ossino - carnivorandia,316,2022,3.5,,,"A60MK x H84bAO - x S. x ""Virgo"""
SARXHY-055S,055,S,,,Sarracenia,xhybrid,,,,,,Angelo Ossino - carnivorandia,318,2022,3.5,,,"A60MK x S. x ""Adrian Slack"""
SARXHY-056S,056,S,,,Sarracenia,xhybrid,,,,,,Angelo Ossino - carnivorandia,319,2022,3.5,,,"A46MK x H85AO - x S. x ""Mahakala"""
SARXHY-057S,057,S,,,Sarracenia,xhybrid,,,,,,Angelo Ossino - carnivorandia,320,2022,3.5,,,"(L11AO x A16MK) #4 x F39aAO - x S. ""Heimdallr"""
SARXHY-058S,058,S,,,Sarracenia,xhybrid,,,,,,Angelo Ossino - carnivorandia,321,2022,3.5,,,A46MK x H34MK
SARXHY-059S,059,S,,,Sarracenia,xhybrid,,,,,,Angelo Ossino - carnivorandia,324,2022,3.5,,,"A28Mk x F39aAO - x S. ""Heimdallr"""
SARXHY-060S,060,S,,,Sarracenia,xhybrid,,,,,,Angelo Ossino - carnivorandia,326,2022,3.5,,,H23AO x H01AO
SARXHY-061S,061,S,,,Sarracenia,xhybrid,,,,,,Angelo Ossino - carnivorandia,329,2022,3.5,,,"F39aAO x S. x ""Adrian Slack"" - S. ""Heimdallr"" x"
SARXHY-062S,062,S,,,Sarracenia,xhybrid,,,,,,Angelo Ossino - carnivorandia,344,2022,3.5,,,H55AO x H23AO
SARXHY-063S,063,S,,,Sarracenia,xhybrid,,,,,,Angelo Ossino - carnivorandia,347,2022,3.5,,,"H01AO x S. x ""Adrian Slack"""
SARXHY-064S,064,S,,,Sarracenia,xhybrid,,,,,,Angelo Ossino - carnivorandia,353,2022,3.5,,,"F88MK x S. x ""Rainbow"""
SARXHY-065S,065,S,,,Sarracenia,xhybrid,,,,,,Angelo Ossino - carnivorandia,354,2022,3.5,,,F15AO x L09AO
SARXHY-066S,066,S,,,Sarracenia,xhybrid,,,,,,Angelo Ossino - carnivorandia,355,2022,3.5,,,L14AO x F88MK
SARXHY-067S,067,S,,,Sarracenia,xhybrid,,,,,,Angelo Ossino - carnivorandia,358,2022,3.5,,,H16AO x A28MK
SARXHY-068S,068,S,,,Sarracenia,xhybrid,,,,,,Angelo Ossino - carnivorandia,368,2022,3.5,,,H12AO x H23AO
SARXHY-069S,069,S,,,Sarracenia,xhybrid,,,,,,Angelo Ossino - carnivorandia,371,2022,3.5,,,H22AO x A60MK
SARXHY-070S,070,S,,,Sarracenia,xhybrid,,,,,,Angelo Ossino - carnivorandia,372,2022,3.5,,,H22AO x H23AO
SARXHY-071S,071,S,,,Sarracenia,xhybrid,,,,,,Angelo Ossino - carnivorandia,374,2022,3.5,,,"H22AO x S. x ""Adrian Slack"""
SARXHY-072S,072,S,,,Sarracenia,xhybrid,,,,,,Angelo Ossino - carnivorandia,377,2022,3.5,,,L37AO x A60MK
SARXHY-073S,073,S,,,Sarracenia,xhybrid,,,,,,Angelo Ossino - carnivorandia,380,2022,3.5,,,"H23AO x S. x ""Adrian Slack"""
SARXHY-074S,074,S,,,Sarracenia,xhybrid,,,,,,Angelo Ossino - carnivorandia,385,2022,3.5,,,A60MK x L09AO
SARXHY-075S,075,S,,,Sarracenia,xhybrid,,,,,,Angelo Ossino - carnivorandia,399,2022,3.5,,,"H109MK x H85AO - x S. x ""Mahakala"""
SARXHY-076S,076,S,,,Sarracenia,xhybrid,,,,,,Angelo Ossino - carnivorandia,500,2022,6,,,"L015AO x H84aAO - x S. x ""Andromeda"""
SARXHY-077S,077,S,,,Sarracenia,xhybrid,,,,,,Angelo Ossino - carnivorandia,502,2022,6,,,"H22AO x H318MK - x S. x moorei ""The Beast"""
SARXHY-078S,078,S,,,Sarracenia,xhybrid,,,,,,Angelo Ossino - carnivorandia,503,2022,6,,,"L18MK x H23AO - x S. x ""October Hope"""
SARXHY-079S,079,S,,,Sarracenia,xhybrid,,,,,,Angelo Ossino - carnivorandia,506,2022,6,,,L48AO x L12AO
SARXHY-080S,080,S,,,Sarracenia,xhybrid,,,,,,Angelo Ossino - carnivorandia,508,2022,6,,,"F32AO x S. x ""Adrian Slack"""
SARXHY-081S,081,S,,,Sarracenia,xhybrid,,,,,,Angelo Ossino - carnivorandia,518,2022,6,,,"H23AO x S. x ""Nemesi"""
SARXHY-082S,082,S,,,Sarracenia,xhybrid,,,,,,Angelo Ossino - carnivorandia,521,2022,6,,,"L52AO x H93aAO - S. x leucophylla ""Typhoon Tip"" x S. ""Narsil"""
SARXHY-083S,083,S,,,Sarracenia,xhybrid,,,,,,Angelo Ossino - carnivorandia,533,2022,6,,,"L51AO x H93aAO - S. leucophylla ""Bloody Soul"" x S. x ""Narsil"""
SARXHY-084S,084,S,,,Sarracenia,xhybrid,,,,,,Angelo Ossino - carnivorandia,535,2022,6,,,"H012AO x H84aAO - x S. ""Andromeda"""
SARXHY-085S,085,S,,,Sarracenia,xhybrid,,,,,,Angelo Ossino - carnivorandia,548,2022,6,,,"A28MK x S. x ""Adrian Slack"""
SARXHY-086S,086,S,,,Sarracenia,xhybrid,,,,,,Angelo Ossino - carnivorandia,564,2022,6,,,"L23MK x H85AO - x S. x ""Mahakala"""
SARXHY-087S,087,S,,,Sarracenia,xhybrid,,,,,,Angelo Ossino - carnivorandia,600,2022,20,,,"H85AO x self - S. x ""Mahakala"""
SARXHY-088S,088,S,,,Sarracenia,xhybrid,,,,,,Angelo Ossino - carnivorandia,601,2022,20,,,"H113MK x H85Ao - S. x ""Adrian Slack"" x  S. x ""Mahakala"""
SARXHY-089S,089,S,,,Sarracenia,xhybrid,,,,,,dc.carnivores/aldebardan - Danilo Cazzaniga,59,2022,9,,,BLACK/REDS flava ornata Black veins own select #1 x “Roy Cheek”
SARXHY-090S,090,S,,,Sarracenia,xhybrid,,,,,,dc.carnivores/aldebardan - Danilo Cazzaniga,72,2022,6,,,"WHITE/PINK S. x ""White Slack"" x leuco. ""Hurricane Creek White"" #F"
SARXHY-091S,091,S,,,Sarracenia,xhybrid,,,,,,dc.carnivores/aldebardan - Danilo Cazzaniga,89,2022,7,,,GIANT S. (Leah Wilkerson x Pinkish Top) x ‘Saurus’
SARXHY-092S,092,S,,,Sarracenia,xhybrid,,,,,,dc.carnivores/aldebardan - Danilo Cazzaniga,97,2022,12,,,WHITE/PINK S. leuco. “Pink Spirit” x ‘Ellie Wang’ 
SARXHY-093S,093,S,,,Sarracenia,xhybrid,,,,,,dc.carnivores/aldebardan - Danilo Cazzaniga,122,2022,8,,,HYBRIDS S. areolata “October Hope” x “Roy Cheek”
SARXHY-094S,094,S,,,Sarracenia,xhybrid,,,,,,dc.carnivores/aldebardan - Danilo Cazzaniga,125,2022,9,,,HYBRIDS S. areolata “Supercolor” x areolata “Pink devil”
SARXHY-095S,095,S,,,Sarracenia,xhybrid,,,,,,dc.carnivores/aldebardan - Danilo Cazzaniga,130,2022,8,,,HYBRIDS S. x moorei ‘Leah Wilkerson’  x “Roy Cheek”
SARXHY-096S,096,S,,,Sarracenia,xhybrid,,,,,,dc.carnivores/aldebardan - Danilo Cazzaniga,133,2022,8,,,HYBRIDS S. x “Fucsia” x ‘Ellie Wang’
SARXHY-097S,097,S,,,Sarracenia,xhybrid,,,,,,dc.carnivores/aldebardan - Danilo Cazzaniga,147,2022,8,,,PURPS S. “Peaches and Cream” x “Roy Cheek”